Sport Gender,Coach Gender,Number,Percentage
Men's Sports,Man,3053,93.13605857230019
Men's Sports,Woman,225,6.863941427699817
Women's Sports,Man,2363,58.59161914207785
Women's Sports,Woman,1670,41.40838085792215
Overall,Man,5403,74.25281052920208
Overall,Woman,1891,25.98025774609268
